IDEM,KODE,WILAYAH,BELUM/TIDAK BEKERJA L,BELUM/TIDAK BEKERJA P,MENGURUS RUMAH TANGGA L,MENGURUS RUMAH TANGGA P,PELAJAR/MAHASISWA L,PELAJAR/MAHASISWA P,PENSIUNAN L,PENSIUNAN P,PEGAWAI NEGERI SIPIL (PNS) L,PEGAWAI NEGERI SIPIL (PNS) P,TENTARA NASIONAL INDONESIA (TNI) L,TENTARA NASIONAL INDONESIA (TNI) P,KEPOLISIAN RI (POLRI) L,KEPOLISIAN RI (POLRI) P,PERDAGANGAN L,PERDAGANGAN P,PETANI/PEKEBUN L,PETANI/PEKEBUN P,PETERNAK L,PETERNAK P,NELAYAN/PERIKANAN L,NELAYAN/PERIKANAN P,INDUSTRI L,INDUSTRI P,KONSTRUKSI L,KONSTRUKSI P,TRANSPORTASI L,TRANSPORTASI P,KARYAWAN SWASTA L,KARYAWAN SWASTA P,KARYAWAN BUMN L,KARYAWAN BUMN P,KARYAWAN BUMD L,KARYAWAN BUMD P,KARYAWAN HONORER L,KARYAWAN HONORER P,BURUH HARIAN LEPAS L,BURUH HARIAN LEPAS P,BURUH TANI/PERKEBUNAN L,BURUH TANI/PERKEBUNAN P,BURUH NELAYAN/PERIKANAN L,BURUH NELAYAN/PERIKANAN P,BURUH PETERNAKAN L,BURUH PETERNAKAN P,PEMBANTU RUMAH TANGGA L,PEMBANTU RUMAH TANGGA P,TUKANG CUKUR L,TUKANG CUKUR P,TUKANG LISTRIK L,TUKANG LISTRIK P,TUKANG BATU L,TUKANG BATU P,TUKANG KAYU L,TUKANG KAYU P,TUKANG SOL SEPATU L,TUKANG SOL SEPATU P,TUKANG LAS/PANDAI BESI L,TUKANG LAS/PANDAI BESI P,TUKANG JAHIT L,TUKANG JAHIT P,TUKANG GIGI L,TUKANG GIGI P,PENATA RIAS L,PENATA RIAS P,PENATA BUSANA L,PENATA BUSANA P,PENATA RAMBUT L,PENATA RAMBUT P,MEKANIK L,MEKANIK P,SENIMAN L,SENIMAN P,TABIB L,TABIB P,PARAJI L,PARAJI P,PERANCANG BUSANA L,PERANCANG BUSANA P,PENTERJEMAH L,PENTERJEMAH P,IMAM MASJID L,IMAM MASJID P,PENDETA L,PENDETA P,PASTOR L,PASTOR P,WARTAWAN L,WARTAWAN P,USTADZ/MUBALIGH L,USTADZ/MUBALIGH P,JURU MASAK L,JURU MASAK P,PROMOTOR ACARA L,PROMOTOR ACARA P,ANGGOTA DPR RI L,ANGGOTA DPR RI P,ANGGOTA DPD RI L,ANGGOTA DPD RI P,ANGGOTA BPK L,ANGGOTA BPK P,PRESIDEN L,PRESIDEN P,WAKIL PRESIDEN L,WAKIL PRESIDEN P,ANGGOTA MAHKAMAH KONSTITUSI L,ANGGOTA MAHKAMAH KONSTITUSI P,ANGGOTA KABINET KEMENTRIAN L,ANGGOTA KABINET KEMENTRIAN P,DUTA BESAR L,DUTA BESAR P,GUBERNUR L,GUBERNUR P,WAKIL GUBERNUR L,WAKIL GUBERNUR P,BUPATI L,BUPATI P,WAKIL BUPATI L,WAKIL BUPATI P,WALIKOTA L,WALIKOTA P,WAKIL WALIKOTA L,WAKIL WALIKOTA P,ANGGOTA DPRD PROP. L,ANGGOTA DPRD PROP. P,ANGGOTA DPRD KAB./KOTA L,ANGGOTA DPRD KAB./KOTA P,DOSEN L,DOSEN P,GURU L,GURU P,PILOT L,PILOT P,PENGACARA L,PENGACARA P,NOTARIS L,NOTARIS P,ARSITEK L,ARSITEK P,AKUNTAN L,AKUNTAN P,KONSULTAN L,KONSULTAN P,DOKTER L,DOKTER P,BIDAN L,BIDAN P,PERAWAT L,PERAWAT P,APOTEKER L,APOTEKER P,PSIKIATER/PSIKOLOG L,PSIKIATER/PSIKOLOG P,PENYIAR TELEVISI L,PENYIAR TELEVISI P,PENYIAR RADIO L,PENYIAR RADIO P,PELAUT L,PELAUT P,PENELITI L,PENELITI P,SOPIR L,SOPIR P,PIALANG L,PIALANG P,PARANORMAL L,PARANORMAL P,PEDAGANG L,PEDAGANG P,PERANGKAT DESA L,PERANGKAT DESA P,KEPALA DESA L,KEPALA DESA P,BIARAWAN/BIARAWATI L,BIARAWAN/BIARAWATI P,WIRASWASTA L,WIRASWASTA P,ANGGOTA LEMBAGA TINGGI LAINNYA L,ANGGOTA LEMBAGA TINGGI LAINNYA P,ARTIS L,ARTIS P,ATLIT L,ATLIT P,CHEFF L,CHEFF P,MANAJER L,MANAJER P,TENAGA TATA USAHA L,TENAGA TATA USAHA P,OPERATOR L,OPERATOR P,PEKERJA PENGOLAHAN KERAJINAN L,PEKERJA PENGOLAHAN KERAJINAN P,TEKNISI L,TEKNISI P,ASISTEN AHLI L,ASISTEN AHLI P,PEKERJAAN LAINNYA L,PEKERJAAN LAINNYA P
2,1376,KOTA PAYAKUMBUH,14600,12601,0,29431,20317,18950,1369,1199,1851,2857,700,2,443,42,3850,776,5647,329,372,17,11,1,26,7,146,7,83,2,5549,2419,280,192,80,53,1011,1286,6386,128,302,23,3,0,11,3,0,8,53,0,35,0,913,0,493,0,6,0,114,0,302,205,12,0,8,24,4,1,26,6,821,1,61,3,3,1,4,0,0,2,1,0,10,0,0,0,1,0,26,4,19,0,0,3,0,0,0,0,0,0,0,0,0,0,0,0,0,0,0,0,0,0,0,0,0,0,0,0,0,0,0,0,0,0,1,0,10,3,62,89,231,897,0,0,28,7,3,15,10,4,0,0,49,6,53,129,0,134,17,95,3,13,1,2,0,0,1,0,38,0,0,0,1574,1,1,0,0,0,6440,1451,0,0,0,0,0,0,51,10,0,0,0,0,1,0,0,0,0,0,0,0,0,0,0,0,1,0,0,0,0,0
3,137601,PAYAKUMBUH BARAT,5655,4842,0,10933,7984,7415,601,538,836,1201,88,1,181,15,1782,364,1045,25,106,4,2,0,14,5,72,4,28,0,2293,1013,141,88,31,29,380,468,2444,71,75,2,0,0,2,0,0,3,14,0,12,0,220,0,161,0,5,0,51,0,69,63,5,0,6,8,0,0,12,1,355,0,26,2,1,0,1,0,0,1,0,0,5,0,0,0,0,0,12,1,10,0,0,1,0,0,0,0,0,0,0,0,0,0,0,0,0,0,0,0,0,0,0,0,0,0,0,0,0,0,0,0,0,0,1,0,4,2,26,33,74,297,0,0,17,4,2,7,5,1,0,0,21,2,29,63,0,43,8,33,1,7,1,2,0,0,0,0,15,0,0,0,575,0,0,0,0,0,3078,722,0,0,0,0,0,0,16,3,0,0,0,0,1,0,0,0,0,0,0,0,0,0,0,0,0,0,0,0,0,0
4,1376011002,PAKAN SINAYAN,178,180,0,390,312,259,16,10,36,49,4,0,12,3,33,7,39,1,1,0,0,0,0,0,0,0,1,0,75,22,7,2,0,1,15,11,58,3,2,0,0,0,0,0,0,0,0,0,1,0,10,0,5,0,0,0,0,0,4,1,0,0,0,0,0,0,0,0,16,0,0,0,0,0,0,0,0,0,0,0,1,0,0,0,0,0,2,0,0,0,0,0,0,0,0,0,0,0,0,0,0,0,0,0,0,0,0,0,0,0,0,0,0,0,0,0,0,0,0,0,0,0,0,0,0,0,0,2,3,14,0,0,4,0,0,0,0,0,0,0,0,0,1,3,0,1,0,0,0,0,0,0,0,0,0,0,1,0,0,0,30,0,0,0,0,0,118,22,0,0,0,0,0,0,3,1,0,0,0,0,1,0,0,0,0,0,0,0,0,0,0,0,0,0,0,0,0,0
4,1376011003,KUBU GADANG,275,227,0,557,383,365,32,28,33,54,1,0,6,1,88,10,86,2,1,0,0,0,1,1,6,0,2,0,128,52,9,7,0,1,17,19,80,6,3,0,0,0,0,0,0,0,0,0,4,0,15,0,13,0,0,0,3,0,2,1,0,0,0,0,0,0,0,0,14,0,1,0,0,0,0,0,0,0,0,0,0,0,0,0,0,0,0,0,0,0,0,0,0,0,0,0,0,0,0,0,0,0,0,0,0,0,0,0,0,0,0,0,0,0,0,0,0,0,0,0,0,0,0,0,0,0,1,4,4,21,0,0,1,0,0,0,0,0,0,0,0,0,0,6,0,2,0,1,0,1,0,0,0,0,0,0,0,0,0,0,50,0,0,0,0,0,119,18,0,0,0,0,0,0,1,0,0,0,0,0,0,0,0,0,0,0,0,0,0,0,0,0,0,0,0,0,0,0
4,1376011004,BULAKAN BALAI KANDI,443,364,0,757,566,555,63,62,95,130,8,1,14,0,100,21,75,3,9,0,0,0,5,0,9,0,6,0,202,73,11,5,4,2,44,47,132,6,1,0,0,0,0,0,0,0,0,0,2,0,26,0,9,0,0,0,6,0,5,5,1,0,0,2,0,0,0,0,30,0,1,0,0,0,0,0,0,0,0,0,1,0,0,0,0,0,0,0,1,0,0,0,0,0,0,0,0,0,0,0,0,0,0,0,0,0,0,0,0,0,0,0,0,0,0,0,0,0,0,0,0,0,0,0,0,1,4,3,8,33,0,0,1,0,0,1,1,0,0,0,2,0,4,6,0,5,0,5,1,1,1,0,0,0,0,0,2,0,0,0,60,0,0,0,0,0,194,43,0,0,0,0,0,0,0,0,0,0,0,0,0,0,0,0,0,0,0,0,0,0,0,0,0,0,0,0,0,0
4,1376011005,PAYOLANSEK,533,410,0,851,700,618,66,62,99,155,1,0,14,0,143,25,127,4,15,0,0,0,6,4,9,0,3,0,186,92,26,8,4,4,29,42,216,12,17,0,0,0,0,0,0,0,0,0,0,0,19,0,12,0,0,0,9,0,7,3,0,0,1,1,0,0,1,0,33,0,3,0,0,0,0,0,0,0,0,0,1,0,0,0,0,0,0,1,0,0,0,0,0,0,0,0,0,0,0,0,0,0,0,0,0,0,0,0,0,0,0,0,0,0,0,0,0,0,0,0,0,0,0,0,1,0,0,4,8,29,0,0,0,0,0,0,1,0,0,0,4,0,1,4,0,3,1,3,0,0,0,0,0,0,0,0,1,0,0,0,51,0,0,0,0,0,168,45,0,0,0,0,0,0,1,2,0,0,0,0,0,0,0,0,0,0,0,0,0,0,0,0,0,0,0,0,0,0
4,1376011007,TALANG,337,306,0,663,484,422,27,21,47,65,7,0,7,0,62,6,163,3,2,1,0,0,0,0,2,0,0,0,137,50,4,8,1,0,23,27,140,2,7,0,0,0,0,0,0,0,2,0,1,0,14,0,11,0,0,0,0,0,2,3,0,0,0,1,0,0,1,0,32,0,2,1,0,0,0,0,0,0,0,0,0,0,0,0,0,0,1,0,2,0,0,0,0,0,0,0,0,0,0,0,0,0,0,0,0,0,0,0,0,0,0,0,0,0,0,0,0,0,0,0,0,0,0,0,0,0,2,0,6,14,0,0,0,1,0,1,0,0,0,0,1,0,2,2,0,4,0,3,0,2,0,0,0,0,0,0,2,0,0,0,34,0,0,0,0,0,126,21,0,0,0,0,0,0,1,0,0,0,0,0,0,0,0,0,0,0,0,0,0,0,0,0,0,0,0,0,0,0
4,1376011009,PADANG TINGGI PILIANG,428,364,0,793,588,545,43,47,58,72,5,0,17,1,133,28,45,1,6,0,0,0,1,0,6,0,1,0,152,85,13,6,1,5,24,36,187,13,5,0,0,0,0,0,0,0,1,0,0,0,17,0,10,0,0,0,2,0,8,6,0,0,0,0,0,0,0,0,34,0,0,0,0,0,0,0,0,0,0,0,0,0,0,0,0,0,3,0,1,0,0,0,0,0,0,0,0,0,0,0,0,0,0,0,0,0,0,0,0,0,0,0,0,0,0,0,0,0,0,0,0,0,1,0,0,1,1,0,5,23,0,0,0,0,0,0,0,0,0,0,0,0,0,3,0,1,1,3,0,0,0,0,0,0,0,0,1,0,0,0,49,0,0,0,0,0,244,60,0,0,0,0,0,0,0,0,0,0,0,0,0,0,0,0,0,0,0,0,0,0,0,0,0,0,0,0,0,0
4,1376011011,KOTO TANGAH,297,252,0,456,317,329,39,20,89,96,3,0,6,0,68,14,56,2,6,0,0,0,0,0,3,0,1,0,129,44,11,5,1,1,30,31,64,1,5,0,0,0,0,0,0,0,2,0,0,0,5,0,2,0,0,0,6,0,1,3,0,0,0,0,0,0,1,0,11,0,4,0,0,0,0,0,0,0,0,0,1,0,0,0,0,0,1,0,0,0,0,0,0,0,0,0,0,0,0,0,0,0,0,0,0,0,0,0,0,0,0,0,0,0,0,0,0,0,0,0,0,0,0,0,0,0,2,1,8,27,0,0,0,0,0,0,0,0,0,0,0,0,6,5,0,4,0,1,0,0,0,0,0,0,0,0,2,0,0,0,19,0,0,0,0,0,94,21,0,0,0,0,0,0,1,0,0,0,0,0,0,0,0,0,0,0,0,0,0,0,0,0,0,0,0,0,0,0
4,1376011013,SUBARANG BATUANG,234,186,0,387,324,300,33,19,41,53,3,0,4,0,63,10,96,2,20,2,0,0,0,0,5,1,0,0,69,31,3,3,1,4,9,24,77,0,8,0,0,0,0,0,0,0,1,0,0,0,11,0,5,0,0,0,3,0,2,5,0,0,0,0,0,0,1,0,15,0,0,0,1,0,0,0,0,0,0,0,0,0,0,0,0,0,0,0,0,0,0,0,0,0,0,0,0,0,0,0,0,0,0,0,0,0,0,0,0,0,0,0,0,0,0,0,0,0,0,0,0,0,0,0,0,0,1,3,3,17,0,0,1,0,0,0,0,0,0,0,2,0,2,2,0,0,2,2,0,0,0,0,0,0,0,0,1,0,0,0,18,0,0,0,0,0,73,13,0,0,0,0,0,0,2,0,0,0,0,0,0,0,0,0,0,0,0,0,0,0,0,0,0,0,0,0,0,0
4,1376011016,PARIK RANTANG,552,423,0,1097,709,650,21,25,23,43,5,0,9,2,169,39,22,1,4,0,2,0,0,0,2,0,3,0,197,85,4,8,4,3,35,23,293,5,2,1,0,0,0,0,0,0,0,0,0,0,14,0,6,0,2,0,3,0,8,4,0,0,0,0,0,0,0,0,32,0,2,0,0,0,0,0,0,0,0,0,0,0,0,0,0,0,0,0,1,0,0,0,0,0,0,0,0,0,0,0,0,0,0,0,0,0,0,0,0,0,0,0,0,0,0,0,0,0,0,0,0,0,0,0,2,0,1,1,3,20,0,0,1,0,0,0,0,0,0,0,0,0,1,2,0,0,0,3,0,1,0,0,0,0,0,0,1,0,0,0,42,0,0,0,0,0,474,115,0,0,0,0,0,0,2,0,0,0,0,0,0,0,0,0,0,0,0,0,0,0,0,0,0,0,0,0,0,0
4,1376011017,PARAK BATUANG,101,73,0,203,133,121,1,6,3,12,1,0,1,0,71,25,5,0,3,0,0,0,0,0,0,0,3,0,43,24,1,1,0,0,0,1,48,3,1,0,0,0,1,0,0,0,1,0,0,0,0,0,1,0,0,0,1,0,1,4,0,0,0,0,0,0,0,0,8,0,0,0,0,0,0,0,0,0,0,0,0,0,0,0,0,0,0,0,0,0,0,0,0,0,0,0,0,0,0,0,0,0,0,0,0,0,0,0,0,0,0,0,0,0,0,0,0,0,0,0,0,0,0,0,0,0,1,0,2,3,0,0,0,0,0,0,0,0,0,0,1,0,0,1,0,3,0,1,0,0,0,0,0,0,0,0,0,0,0,0,11,0,0,0,0,0,48,12,0,0,0,0,0,0,0,0,0,0,0,0,0,0,0,0,0,0,0,0,0,0,0,0,0,0,0,0,0,0
4,1376011018,NUNANG DAYA BANGUN,325,309,0,742,502,508,22,19,19,21,2,0,7,0,136,56,19,1,4,0,0,0,0,0,4,0,1,0,136,69,5,2,1,0,18,17,231,2,1,0,0,0,0,0,0,2,1,0,0,0,4,0,9,0,0,0,2,0,2,6,4,0,0,1,0,0,4,0,12,0,3,0,0,0,1,0,0,0,0,0,0,0,0,0,0,0,3,0,1,0,0,0,0,0,0,0,0,0,0,0,0,0,0,0,0,0,0,0,0,0,0,0,0,0,0,0,0,0,0,0,0,0,0,0,0,0,0,2,0,9,0,0,2,1,0,0,0,0,0,0,0,0,2,3,0,0,0,1,0,0,0,1,0,0,0,0,0,0,0,0,32,0,0,0,0,0,303,90,0,0,0,0,0,0,2,0,0,0,0,0,0,0,0,0,0,0,0,0,0,0,0,0,0,0,0,0,0,0
4,1376011020,LABUAH BASILANG,158,171,0,405,310,231,17,20,18,30,13,0,9,1,73,17,8,0,1,0,0,0,0,0,2,0,2,0,83,49,3,3,0,0,11,18,80,3,1,0,0,0,0,0,0,0,1,0,0,0,7,0,6,0,0,0,0,0,2,2,0,0,1,1,0,0,0,0,11,0,1,0,0,0,0,0,0,0,0,0,1,0,0,0,0,0,0,0,1,0,0,0,0,0,0,0,0,0,0,0,0,0,0,0,0,0,0,0,0,0,0,0,0,0,0,0,0,0,0,0,0,0,0,0,0,0,0,1,2,6,0,0,0,1,0,0,0,0,0,0,0,0,2,2,0,1,0,0,0,1,0,0,0,0,0,0,0,0,0,0,17,0,0,0,0,0,163,51,0,0,0,0,0,0,0,0,0,0,0,0,0,0,0,0,0,0,0,0,0,0,0,0,0,0,0,0,0,0
4,1376011021,IBUAH,520,455,0,986,707,696,51,41,49,76,14,0,29,4,203,34,45,2,10,0,0,0,0,0,3,1,2,0,196,88,5,7,5,1,35,43,233,5,4,0,0,0,1,0,0,0,0,0,1,0,21,0,31,0,1,0,2,0,7,2,0,0,2,0,0,0,1,0,23,0,1,0,0,0,0,0,0,0,0,0,0,0,0,0,0,0,0,0,0,0,0,0,0,0,0,0,0,0,0,0,0,0,0,0,0,0,0,0,0,0,0,0,0,0,0,0,0,0,0,0,0,0,0,0,1,0,1,3,5,20,0,0,4,0,0,1,1,0,0,0,2,1,2,5,0,4,2,3,0,0,0,0,0,0,0,0,0,0,0,0,37,0,0,0,0,0,300,75,0,0,0,0,0,0,1,0,0,0,0,0,0,0,0,0,0,0,0,0,0,0,0,0,0,0,0,0,0,0
4,1376011022,TANJUANG PAUH,379,343,0,778,645,552,40,26,73,113,6,0,27,2,104,21,85,1,8,0,0,0,0,0,3,0,0,0,148,66,8,2,3,0,26,41,185,3,8,0,0,0,0,0,0,0,1,0,0,0,23,0,14,0,0,0,5,0,4,5,0,0,0,1,0,0,0,0,20,0,0,1,0,0,0,0,0,0,0,0,0,0,0,0,0,0,1,0,1,0,0,0,0,0,0,0,0,0,0,0,0,0,0,0,0,0,0,0,0,0,0,0,0,0,0,0,0,0,0,0,0,0,0,0,0,0,2,2,6,20,0,0,1,0,1,1,0,0,0,0,1,0,0,2,0,3,1,3,0,0,0,0,0,0,0,0,3,0,0,0,40,0,0,0,0,0,155,31,0,0,0,0,0,0,0,0,0,0,0,0,0,0,0,0,0,0,0,0,0,0,0,0,0,0,0,0,0,0
4,1376011032,TANJUANGGODANG SUNGAIPINAGO,356,302,0,663,527,497,78,65,93,128,14,0,5,0,158,26,60,0,9,0,0,0,1,0,9,0,2,0,176,69,18,12,5,4,29,42,96,3,5,0,0,0,0,0,0,0,0,0,1,0,16,0,10,0,0,0,2,0,5,8,0,0,1,1,0,0,2,0,22,0,2,0,0,0,0,0,0,1,0,0,0,0,0,0,0,0,0,0,1,0,0,0,0,0,0,0,0,0,0,0,0,0,0,0,0,0,0,0,0,0,0,0,0,0,0,0,0,0,0,0,0,0,0,0,0,0,6,6,6,18,0,0,0,0,0,2,2,1,0,0,3,0,3,8,0,5,1,2,0,1,0,1,0,0,0,0,0,0,0,0,30,0,0,0,0,0,164,26,0,0,0,0,0,0,1,0,0,0,0,0,0,0,0,0,0,0,0,0,0,0,0,0,0,0,0,0,0,0
4,1376011033,PADANGTONGAH BALAINANDUO,240,236,0,548,384,382,32,47,39,61,0,0,12,1,100,16,22,0,3,0,0,0,0,0,6,1,1,0,126,65,8,7,0,2,22,24,105,2,2,1,0,0,0,0,0,1,2,0,1,0,3,0,6,0,1,0,1,0,2,5,0,0,1,0,0,0,1,0,24,0,5,0,0,0,0,0,0,0,0,0,0,0,0,0,0,0,1,0,1,0,0,1,0,0,0,0,0,0,0,0,0,0,0,0,0,0,0,0,0,0,0,0,0,0,0,0,0,0,0,0,0,0,0,0,0,0,4,1,3,10,0,0,1,1,1,1,0,0,0,0,2,1,1,9,0,5,0,1,0,0,0,0,0,0,0,0,0,0,0,0,28,0,0,0,0,0,194,49,0,0,0,0,0,0,0,0,0,0,0,0,0,0,0,0,0,0,0,0,0,0,0,0,0,0,0,0,0,0
4,1376011034,PADANGDATA TANAHMATI,299,241,0,657,393,385,20,20,21,43,1,0,2,0,78,9,92,2,4,1,0,0,0,0,3,1,0,0,110,49,5,2,1,1,13,22,219,2,3,0,0,0,0,0,0,0,2,0,1,0,15,0,11,0,1,0,6,0,7,0,0,0,0,0,0,0,0,1,18,0,1,0,0,0,0,0,0,0,0,0,0,0,0,0,0,0,0,0,0,0,0,0,0,0,0,0,0,0,0,0,0,0,0,0,0,0,0,0,0,0,0,0,0,0,0,0,0,0,0,0,0,0,0,0,0,0,0,0,2,13,0,0,1,0,0,0,0,0,0,0,3,0,2,0,0,2,0,1,0,0,0,0,0,0,0,0,1,0,0,0,27,0,0,0,0,0,141,30,0,0,0,0,0,0,1,0,0,0,0,0,0,0,0,0,0,0,0,0,0,0,0,0,0,0,0,0,0,0
3,137602,PAYAKUMBUH UTARA,3464,3027,0,6636,4740,4507,270,289,390,653,54,0,80,12,1090,238,1375,76,66,2,3,0,5,0,29,0,13,1,1223,557,40,38,12,6,224,300,1534,23,47,1,0,0,1,0,0,3,20,0,7,0,229,0,113,0,1,0,23,0,176,78,1,0,1,7,3,0,7,1,207,1,18,1,0,0,1,0,0,0,1,0,3,0,0,0,1,0,6,1,4,0,0,0,0,0,0,0,0,0,0,0,0,0,0,0,0,0,0,0,0,0,0,0,0,0,0,0,0,0,0,0,0,0,0,0,2,0,13,22,70,279,0,0,5,1,1,4,0,0,0,0,11,1,11,34,0,32,2,20,0,2,0,0,0,0,1,0,0,0,0,0,317,0,0,0,0,0,1416,335,0,0,0,0,0,0,14,4,0,0,0,0,0,0,0,0,0,0,0,0,0,0,0,0,1,0,0,0,0,0
4,1376021002,NAPAR,309,280,0,658,419,389,15,21,25,29,2,0,5,1,105,15,93,6,8,0,1,0,0,0,3,0,1,0,104,45,3,2,1,1,10,11,176,1,2,0,0,0,0,0,0,0,4,0,2,0,17,0,6,0,0,0,3,0,15,10,0,0,0,1,0,0,0,0,14,0,2,0,0,0,0,0,0,0,0,0,1,0,0,0,0,0,0,1,0,0,0,0,0,0,0,0,0,0,0,0,0,0,0,0,0,0,0,0,0,0,0,0,0,0,0,0,0,0,0,0,0,0,0,0,0,0,1,2,3,8,0,0,0,0,0,0,0,0,0,0,0,0,1,4,0,6,0,0,0,0,0,0,0,0,0,0,0,0,0,0,37,0,0,0,0,0,141,19,0,0,0,0,0,0,1,0,0,0,0,0,0,0,0,0,0,0,0,0,0,0,0,0,0,0,0,0,0,0
4,1376021032,OMPANG TANAH SIRAH,325,322,0,703,435,413,15,13,25,64,3,0,3,2,45,14,311,18,19,0,0,0,1,0,2,0,0,0,100,35,3,1,0,0,22,31,109,1,12,0,0,0,0,0,0,0,3,0,0,0,19,0,10,0,0,0,2,0,15,6,0,0,0,1,0,0,0,0,23,0,2,0,0,0,0,0,0,0,1,0,0,0,0,0,0,0,0,0,0,0,0,0,0,0,0,0,0,0,0,0,0,0,0,0,0,0,0,0,0,0,0,0,0,0,0,0,0,0,0,0,0,0,0,0,1,0,0,1,8,38,0,0,0,0,1,0,0,0,0,0,2,0,1,2,0,2,0,1,0,0,0,0,0,0,0,0,0,0,0,0,30,0,0,0,0,0,99,16,0,0,0,0,0,0,2,0,0,0,0,0,0,0,0,0,0,0,0,0,0,0,0,0,0,0,0,0,0,0
4,1376021033,TARATAK PADANG KAMPUANG,192,191,0,399,259,234,2,4,13,15,2,0,2,0,27,4,194,8,3,0,0,0,1,0,1,0,0,0,51,21,0,1,0,0,13,13,63,0,4,0,0,0,0,0,0,0,3,0,0,0,13,0,11,0,0,0,1,0,3,4,0,0,0,0,0,0,0,0,8,0,1,0,0,0,0,0,0,0,0,0,0,0,0,0,0,0,0,0,0,0,0,0,0,0,0,0,0,0,0,0,0,0,0,0,0,0,0,0,0,0,0,0,0,0,0,0,0,0,0,0,0,0,0,0,0,0,0,2,2,12,0,0,0,0,0,0,0,0,0,0,0,0,1,0,0,2,0,0,0,0,0,0,0,0,0,0,0,0,0,0,16,0,0,0,0,0,48,17,0,0,0,0,0,0,0,2,0,0,0,0,0,0,0,0,0,0,0,0,0,0,0,0,0,0,0,0,0,0
4,1376021034,TIGO KOTO DIBARUAH,475,403,0,945,647,630,42,39,62,83,3,0,6,2,89,7,221,12,7,0,0,0,0,0,5,0,3,0,142,71,12,6,0,2,30,43,264,3,7,0,0,0,0,0,0,0,1,0,1,0,53,0,24,0,0,0,1,0,14,12,0,0,0,0,0,0,2,0,39,0,1,0,0,0,1,0,0,0,0,0,0,0,0,0,0,0,0,0,0,0,0,0,0,0,0,0,0,0,0,0,0,0,0,0,0,0,0,0,0,0,0,0,0,0,0,0,0,0,0,0,0,0,0,0,0,0,1,4,8,27,0,0,0,0,0,0,0,0,0,0,1,1,2,5,0,5,1,0,0,0,0,0,0,0,0,0,0,0,0,0,43,0,0,0,0,0,151,26,0,0,0,0,0,0,2,1,0,0,0,0,0,0,0,0,0,0,0,0,0,0,0,0,0,0,0,0,0,0
4,1376021035,TIGO KOTO DIATE,597,519,0,1039,750,739,40,39,77,119,6,0,7,1,150,28,222,13,10,0,1,0,0,0,3,0,0,0,191,89,7,8,1,1,46,48,264,2,6,0,0,0,0,0,0,1,3,0,0,0,52,0,16,0,0,0,6,0,26,12,1,0,0,0,0,0,2,0,35,0,1,1,0,0,0,0,0,0,0,0,0,0,0,0,0,0,1,0,2,0,0,0,0,0,0,0,0,0,0,0,0,0,0,0,0,0,0,0,0,0,0,0,0,0,0,0,0,0,0,0,0,0,0,0,0,0,3,4,11,48,0,0,2,0,0,0,0,0,0,0,3,0,3,3,0,6,0,9,0,1,0,0,0,0,0,0,0,0,0,0,49,0,0,0,0,0,237,54,0,0,0,0,0,0,4,1,0,0,0,0,0,0,0,0,0,0,0,0,0,0,0,0,0,0,0,0,0,0
4,1376021036,IKUA KOTO DIBALAI,406,287,0,739,484,464,31,33,26,64,3,0,1,0,125,25,183,12,4,1,0,0,1,0,2,0,2,0,133,56,2,3,1,0,21,40,182,2,8,1,0,0,0,0,0,0,1,0,1,0,33,0,14,0,0,0,5,0,34,10,0,0,0,0,0,0,1,0,25,0,3,0,0,0,0,0,0,0,0,0,0,0,0,0,0,0,3,0,0,0,0,0,0,0,0,0,0,0,0,0,0,0,0,0,0,0,0,0,0,0,0,0,0,0,0,0,0,0,0,0,0,0,0,0,1,0,2,1,6,27,0,0,0,0,0,0,0,0,0,0,0,0,0,2,0,1,0,0,0,0,0,0,0,0,0,0,0,0,0,0,35,0,0,0,0,0,133,39,0,0,0,0,0,0,0,0,0,0,0,0,0,0,0,0,0,0,0,0,0,0,0,0,0,0,0,0,0,0
4,1376021037,BALAI TONGAH KOTO,287,257,0,506,396,384,29,28,40,80,5,0,3,0,92,28,68,3,2,0,0,0,0,0,4,0,2,0,98,40,4,3,1,0,21,33,88,3,3,0,0,0,1,0,0,0,2,0,2,0,12,0,10,0,0,0,3,0,46,15,0,0,1,2,0,0,1,0,9,0,3,0,0,0,0,0,0,0,0,0,1,0,0,0,0,0,0,0,0,0,0,0,0,0,0,0,0,0,0,0,0,0,0,0,0,0,0,0,0,0,0,0,0,0,0,0,0,0,0,0,0,0,0,0,0,0,0,4,7,35,0,0,0,0,0,1,0,0,0,0,3,0,0,2,0,2,0,3,0,0,0,0,0,0,1,0,0,0,0,0,20,0,0,0,0,0,159,44,0,0,0,0,0,0,1,0,0,0,0,0,0,0,0,0,0,0,0,0,0,0,0,0,0,0,0,0,0,0
4,1376021038,KAPALO KOTO DIBALAI,345,333,0,666,559,538,36,50,47,88,1,0,8,0,203,58,27,1,4,1,0,0,1,0,3,0,1,0,154,102,3,6,4,1,26,34,161,4,1,0,0,0,0,0,0,1,1,0,0,0,19,0,8,0,0,0,1,0,16,5,0,0,0,1,3,0,1,0,31,1,3,0,0,0,0,0,0,0,0,0,0,0,0,0,1,0,1,0,1,0,0,0,0,0,0,0,0,0,0,0,0,0,0,0,0,0,0,0,0,0,0,0,0,0,0,0,0,0,0,0,0,0,0,0,0,0,3,1,15,39,0,0,2,0,0,0,0,0,0,0,2,0,1,3,0,2,0,2,0,1,0,0,0,0,0,0,0,0,0,0,42,0,0,0,0,0,189,39,0,0,0,0,0,0,2,0,0,0,0,0,0,0,0,0,0,0,0,0,0,0,0,0,0,0,0,0,0,0
4,1376021039,KOTOKOCIAK KUBU TAPAKRAJO,528,435,0,981,791,716,60,62,75,111,29,0,45,6,254,59,56,3,9,0,1,0,1,0,6,0,4,1,250,98,6,8,4,1,35,47,227,7,4,0,0,0,0,0,0,1,2,0,1,0,11,0,14,0,1,0,1,0,7,4,0,0,0,2,0,0,0,1,23,0,2,0,0,0,0,0,0,0,0,0,1,0,0,0,0,0,1,0,1,0,0,0,0,0,0,0,0,0,0,0,0,0,0,0,0,0,0,0,0,0,0,0,0,0,0,0,0,0,0,0,0,0,0,0,0,0,3,3,10,45,0,0,1,1,0,3,0,0,0,0,0,0,2,13,0,6,1,5,0,0,0,0,0,0,0,0,0,0,0,0,45,0,0,0,0,0,259,81,0,0,0,0,0,0,2,0,0,0,0,0,0,0,0,0,0,0,0,0,0,0,0,0,1,0,0,0,0,0
3,137603,PAYAKUMBUH TIMUR,2990,2562,0,6505,4218,3770,335,255,355,624,532,0,120,12,481,107,1457,130,87,3,1,1,3,0,29,2,31,1,1144,511,72,50,22,13,223,303,1402,17,133,19,2,0,5,2,0,1,10,0,10,0,272,0,140,0,0,0,23,0,29,36,1,0,1,6,0,0,2,2,124,0,12,0,1,1,2,0,0,0,0,0,1,0,0,0,0,0,6,2,3,0,0,2,0,0,0,0,0,0,0,0,0,0,0,0,0,0,0,0,0,0,0,0,0,0,0,0,0,0,0,0,0,0,0,0,2,1,16,20,40,166,0,0,3,2,0,4,4,2,0,0,10,2,6,18,0,45,6,32,2,4,0,0,0,0,0,0,18,0,0,0,360,0,1,0,0,0,1191,265,0,0,0,0,0,0,14,2,0,0,0,0,0,0,0,0,0,0,0,0,0,0,0,0,0,0,0,0,0,0
4,1376031001,BALAI JARING,221,185,0,502,378,298,33,26,33,58,4,0,7,0,24,1,104,2,9,0,0,0,2,0,3,0,1,0,88,42,1,4,0,1,15,24,81,2,42,3,0,0,0,0,0,0,0,0,1,0,12,0,12,0,0,0,4,0,3,2,0,0,0,0,0,0,0,0,9,0,0,0,0,0,0,0,0,0,0,0,0,0,0,0,0,0,3,0,0,0,0,0,0,0,0,0,0,0,0,0,0,0,0,0,0,0,0,0,0,0,0,0,0,0,0,0,0,0,0,0,0,0,0,0,0,0,1,1,1,14,0,0,1,0,0,0,0,0,0,0,1,0,1,1,0,3,1,0,1,0,0,0,0,0,0,0,0,0,0,0,51,0,0,0,0,0,105,15,0,0,0,0,0,0,1,0,0,0,0,0,0,0,0,0,0,0,0,0,0,0,0,0,0,0,0,0,0,0
4,1376031002,PADANG ALAI BODI,232,178,0,536,315,302,14,5,12,23,3,0,4,0,31,6,224,20,17,0,0,0,0,0,0,0,4,0,81,44,4,1,0,0,26,25,91,3,39,8,0,0,0,0,0,0,1,0,1,0,23,0,3,0,0,0,3,0,2,2,0,0,0,0,0,0,0,0,8,0,0,0,0,0,0,0,0,0,0,0,0,0,0,0,0,0,0,0,0,0,0,0,0,0,0,0,0,0,0,0,0,0,0,0,0,0,0,0,0,0,0,0,0,0,0,0,0,0,0,0,0,0,0,0,1,0,0,1,2,10,0,0,0,0,0,1,0,0,0,0,0,0,0,0,0,2,2,5,0,0,0,0,0,0,0,0,2,0,0,0,30,0,0,0,0,0,76,12,0,0,0,0,0,0,0,0,0,0,0,0,0,0,0,0,0,0,0,0,0,0,0,0,0,0,0,0,0,0
4,1376031003,PADANG TANGAH PAYOBADAR,360,320,0,795,605,496,56,48,88,129,10,0,21,1,55,7,146,10,13,1,0,0,0,0,1,0,2,0,148,55,12,7,1,2,31,46,175,1,6,1,0,0,0,0,0,0,3,0,0,0,37,0,12,0,0,0,3,0,3,4,0,0,0,4,0,0,2,0,24,0,3,0,0,0,0,0,0,0,0,0,0,0,0,0,0,0,0,0,0,0,0,0,0,0,0,0,0,0,0,0,0,0,0,0,0,0,0,0,0,0,0,0,0,0,0,0,0,0,0,0,0,0,0,0,1,0,2,3,8,23,0,0,0,0,0,0,2,1,0,0,1,1,0,2,0,4,0,2,0,1,0,0,0,0,0,0,1,0,0,0,54,0,0,0,0,0,153,32,0,0,0,0,0,0,2,0,0,0,0,0,0,0,0,0,0,0,0,0,0,0,0,0,0,0,0,0,0,0
4,1376031005,SICINCIN,368,297,0,721,475,464,50,27,52,85,5,0,15,0,59,14,115,8,11,0,0,0,0,0,2,0,13,0,156,53,6,3,2,2,37,35,161,4,7,1,0,0,0,1,0,0,0,0,5,0,24,0,14,0,0,0,4,0,4,6,1,0,0,0,0,0,0,1,20,0,1,0,0,0,0,0,0,0,0,0,0,0,0,0,0,0,1,1,0,0,0,1,0,0,0,0,0,0,0,0,0,0,0,0,0,0,0,0,0,0,0,0,0,0,0,0,0,0,0,0,0,0,0,0,0,0,1,3,7,30,0,0,1,0,0,0,0,0,0,0,1,0,1,4,0,4,0,2,0,1,0,0,0,0,0,0,2,0,0,0,51,0,0,0,0,0,168,26,0,0,0,0,0,0,2,0,0,0,0,0,0,0,0,0,0,0,0,0,0,0,0,0,0,0,0,0,0,0
4,1376031007,PADANG TIAKAR,404,372,0,871,615,572,88,76,52,111,11,0,49,6,134,36,43,0,12,0,1,1,1,0,10,0,5,1,209,95,26,15,6,4,33,44,244,0,10,0,1,0,0,1,0,0,2,0,1,0,43,0,11,0,0,0,3,0,4,6,0,0,0,0,0,0,0,0,9,0,2,0,0,0,1,0,0,0,0,0,1,0,0,0,0,0,1,0,3,0,0,1,0,0,0,0,0,0,0,0,0,0,0,0,0,0,0,0,0,0,0,0,0,0,0,0,0,0,0,0,0,0,0,0,0,0,4,3,7,23,0,0,0,0,0,3,2,1,0,0,1,0,2,3,0,2,0,3,0,1,0,0,0,0,0,0,0,0,0,0,51,0,0,0,0,0,211,60,0,0,0,0,0,0,1,0,0,0,0,0,0,0,0,0,0,0,0,0,0,0,0,0,0,0,0,0,0,0
4,1376031009,PAYOBASUNG,230,201,0,631,339,302,20,19,28,40,12,0,4,1,39,8,190,12,5,0,0,0,0,0,2,1,1,0,98,42,4,2,1,0,18,16,134,2,8,0,0,0,0,0,0,0,1,0,2,0,36,0,25,0,0,0,0,0,2,2,0,0,0,0,0,0,0,0,7,0,1,0,0,0,0,0,0,0,0,0,0,0,0,0,0,0,0,0,0,0,0,0,0,0,0,0,0,0,0,0,0,0,0,0,0,0,0,0,0,0,0,0,0,0,0,0,0,0,0,0,0,0,0,0,0,0,3,2,2,13,0,0,0,2,0,0,0,0,0,0,3,0,0,1,0,2,0,2,0,0,0,0,0,0,0,0,2,0,0,0,28,0,0,0,0,0,82,25,0,0,0,0,0,0,3,0,0,0,0,0,0,0,0,0,0,0,0,0,0,0,0,0,0,0,0,0,0,0
4,1376031010,KOTO PANJANG,242,185,0,613,357,323,14,6,12,25,4,0,3,0,25,2,225,34,9,0,0,0,0,0,0,0,0,0,66,37,2,1,1,0,9,14,170,2,9,4,1,0,1,0,0,0,1,0,0,0,19,0,17,0,0,0,1,0,3,2,0,0,0,1,0,0,0,0,8,0,2,0,0,0,0,0,0,0,0,0,0,0,0,0,0,0,0,0,0,0,0,0,0,0,0,0,0,0,0,0,0,0,0,0,0,0,0,0,0,0,0,0,0,0,0,0,0,0,0,0,0,0,0,0,0,0,0,0,4,8,0,0,0,0,0,0,0,0,0,0,0,0,0,0,0,1,0,1,0,1,0,0,0,0,0,0,2,0,0,0,32,0,0,0,0,0,74,12,0,0,0,0,0,0,1,1,0,0,0,0,0,0,0,0,0,0,0,0,0,0,0,0,0,0,0,0,0,0
4,1376031011,KOTO BARU,190,167,0,476,283,249,10,7,7,17,3,0,1,0,19,7,220,23,2,2,0,0,0,0,2,0,1,0,62,22,1,1,2,0,7,22,83,1,6,0,0,0,1,0,0,0,0,0,0,0,29,0,17,0,0,0,1,0,3,4,0,0,0,0,0,0,0,0,20,0,0,0,1,1,0,0,0,0,0,0,0,0,0,0,0,0,0,0,0,0,0,0,0,0,0,0,0,0,0,0,0,0,0,0,0,0,0,0,0,0,0,0,0,0,0,0,0,0,0,0,0,0,0,0,0,1,1,0,1,7,0,0,0,0,0,0,0,0,0,0,0,1,2,1,0,1,1,1,0,0,0,0,0,0,0,0,3,0,0,0,14,0,0,0,0,0,54,16,0,0,0,0,0,0,0,0,0,0,0,0,0,0,0,0,0,0,0,0,0,0,0,0,0,0,0,0,0,0
4,1376031015,TIAKAR,743,657,0,1360,851,764,50,41,71,136,480,0,16,4,95,26,190,21,9,0,0,0,0,0,9,1,4,0,236,121,16,16,9,4,47,77,263,2,6,2,0,0,3,0,0,1,2,0,0,0,49,0,29,0,0,0,4,0,5,8,0,0,1,1,0,0,0,1,19,0,3,0,0,0,1,0,0,0,0,0,0,0,0,0,0,0,1,1,0,0,0,0,0,0,0,0,0,0,0,0,0,0,0,0,0,0,0,0,0,0,0,0,0,0,0,0,0,0,0,0,0,0,0,0,0,0,4,7,8,38,0,0,1,0,0,0,0,0,0,0,3,0,0,6,0,26,2,16,1,0,0,0,0,0,0,0,6,0,0,0,49,0,1,0,0,0,268,67,0,0,0,0,0,0,4,1,0,0,0,0,0,0,0,0,0,0,0,0,0,0,0,0,0,0,0,0,0,0
3,137604,LAMPOSI TIGO NAGORI,1357,1161,0,2684,1593,1573,49,46,96,134,6,0,13,0,230,31,1053,55,85,5,0,0,1,1,5,0,2,0,359,154,9,4,5,2,68,103,537,11,37,0,1,0,3,1,0,0,2,0,1,0,69,0,39,0,0,0,6,0,11,17,0,0,0,2,0,1,0,0,55,0,2,0,0,0,0,0,0,0,0,0,0,0,0,0,0,0,1,0,0,0,0,0,0,0,0,0,0,0,0,0,0,0,0,0,0,0,0,0,0,0,0,0,0,0,0,0,0,0,0,0,0,0,0,0,1,0,4,6,28,76,0,0,0,0,0,0,0,1,0,0,0,1,3,7,0,8,1,2,0,0,0,0,0,0,0,0,2,0,0,0,184,1,0,0,0,0,322,48,0,0,0,0,0,0,3,0,0,0,0,0,0,0,0,0,0,0,0,0,0,0,0,0,0,0,0,0,0,0
4,1376041001,SUNGAI DURIAN,325,276,0,615,332,373,13,18,23,33,2,0,2,0,58,11,205,14,25,3,0,0,0,1,0,0,1,0,86,47,1,1,2,0,14,19,125,2,4,0,0,0,3,1,0,0,0,0,0,0,17,0,18,0,0,0,2,0,2,5,0,0,0,1,0,1,0,0,22,0,0,0,0,0,0,0,0,0,0,0,0,0,0,0,0,0,0,0,0,0,0,0,0,0,0,0,0,0,0,0,0,0,0,0,0,0,0,0,0,0,0,0,0,0,0,0,0,0,0,0,0,0,0,0,1,0,2,2,6,19,0,0,0,0,0,0,0,0,0,0,0,0,1,1,0,0,1,1,0,0,0,0,0,0,0,0,0,0,0,0,43,0,0,0,0,0,74,8,0,0,0,0,0,0,1,0,0,0,0,0,0,0,0,0,0,0,0,0,0,0,0,0,0,0,0,0,0,0
4,1376041002,PARIT MUKO AIE,170,141,0,348,254,207,7,7,4,19,0,0,1,0,38,4,100,9,11,0,0,0,0,0,3,0,0,0,49,29,1,1,0,1,5,10,88,1,7,0,1,0,0,0,0,0,0,0,0,0,7,0,4,0,0,0,0,0,2,1,0,0,0,1,0,0,0,0,11,0,1,0,0,0,0,0,0,0,0,0,0,0,0,0,0,0,0,0,0,0,0,0,0,0,0,0,0,0,0,0,0,0,0,0,0,0,0,0,0,0,0,0,0,0,0,0,0,0,0,0,0,0,0,0,0,0,0,0,6,6,0,0,0,0,0,0,0,1,0,0,0,0,0,2,0,1,0,0,0,0,0,0,0,0,0,0,0,0,0,0,31,0,0,0,0,0,52,12,0,0,0,0,0,0,0,0,0,0,0,0,0,0,0,0,0,0,0,0,0,0,0,0,0,0,0,0,0,0
4,1376041003,PARAMBAHAN,138,126,0,283,162,160,8,7,11,12,1,0,2,0,15,7,91,4,13,2,0,0,0,0,0,0,0,0,44,14,2,0,0,0,7,14,56,0,6,0,0,0,0,0,0,0,0,0,1,0,7,0,6,0,0,0,0,0,1,2,0,0,0,0,0,0,0,0,7,0,0,0,0,0,0,0,0,0,0,0,0,0,0,0,0,0,0,0,0,0,0,0,0,0,0,0,0,0,0,0,0,0,0,0,0,0,0,0,0,0,0,0,0,0,0,0,0,0,0,0,0,0,0,0,0,0,0,1,6,10,0,0,0,0,0,0,0,0,0,0,0,0,0,1,0,2,0,0,0,0,0,0,0,0,0,0,0,0,0,0,26,1,0,0,0,0,35,5,0,0,0,0,0,0,1,0,0,0,0,0,0,0,0,0,0,0,0,0,0,0,0,0,0,0,0,0,0,0
4,1376041004,PADANG SIKABU,241,180,0,418,258,253,8,7,26,22,1,0,3,0,37,3,158,13,7,0,0,0,1,0,1,0,0,0,58,28,3,0,1,1,13,20,97,4,9,0,0,0,0,0,0,0,0,0,0,0,19,0,3,0,0,0,4,0,2,2,0,0,0,0,0,0,0,0,6,0,0,0,0,0,0,0,0,0,0,0,0,0,0,0,0,0,0,0,0,0,0,0,0,0,0,0,0,0,0,0,0,0,0,0,0,0,0,0,0,0,0,0,0,0,0,0,0,0,0,0,0,0,0,0,0,0,0,1,3,13,0,0,0,0,0,0,0,0,0,0,0,0,0,1,0,3,0,0,0,0,0,0,0,0,0,0,0,0,0,0,29,0,0,0,0,0,58,13,0,0,0,0,0,0,0,0,0,0,0,0,0,0,0,0,0,0,0,0,0,0,0,0,0,0,0,0,0,0
4,1376041005,KOTO PANJANG PADANG,197,213,0,451,262,250,6,7,18,27,2,0,3,0,38,3,213,7,11,0,0,0,0,0,1,0,1,0,68,20,1,2,2,0,16,22,76,2,7,0,0,0,0,0,0,0,2,0,0,0,11,0,6,0,0,0,0,0,0,3,0,0,0,0,0,0,0,0,4,0,0,0,0,0,0,0,0,0,0,0,0,0,0,0,0,0,1,0,0,0,0,0,0,0,0,0,0,0,0,0,0,0,0,0,0,0,0,0,0,0,0,0,0,0,0,0,0,0,0,0,0,0,0,0,0,0,1,2,3,12,0,0,0,0,0,0,0,0,0,0,0,1,2,2,0,1,0,0,0,0,0,0,0,0,0,0,2,0,0,0,24,0,0,0,0,0,54,6,0,0,0,0,0,0,1,0,0,0,0,0,0,0,0,0,0,0,0,0,0,0,0,0,0,0,0,0,0,0
4,1376041006,KOTO PANJANG DALAM,286,225,0,569,325,330,7,0,14,21,0,0,2,0,44,3,286,8,18,0,0,0,0,0,0,0,0,0,54,16,1,0,0,0,13,18,95,2,4,0,0,0,0,0,0,0,0,0,0,0,8,0,2,0,0,0,0,0,4,4,0,0,0,0,0,0,0,0,5,0,1,0,0,0,0,0,0,0,0,0,0,0,0,0,0,0,0,0,0,0,0,0,0,0,0,0,0,0,0,0,0,0,0,0,0,0,0,0,0,0,0,0,0,0,0,0,0,0,0,0,0,0,0,0,0,0,1,0,4,16,0,0,0,0,0,0,0,0,0,0,0,0,0,0,0,1,0,1,0,0,0,0,0,0,0,0,0,0,0,0,31,0,0,0,0,0,49,4,0,0,0,0,0,0,0,0,0,0,0,0,0,0,0,0,0,0,0,0,0,0,0,0,0,0,0,0,0,0
3,137605,PAYAKUMBUH SELATAN,1134,1009,0,2673,1782,1685,114,71,174,245,20,1,49,3,267,36,717,43,28,3,5,0,3,1,11,1,9,0,530,184,18,12,10,3,116,112,469,6,10,1,0,0,0,0,0,1,7,0,5,0,123,0,40,0,0,0,11,0,17,11,5,0,0,1,1,0,5,2,80,0,3,0,1,0,0,0,0,1,0,0,1,0,0,0,0,0,1,0,2,0,0,0,0,0,0,0,0,0,0,0,0,0,0,0,0,0,0,0,0,0,0,0,0,0,0,0,0,0,0,0,0,0,0,0,1,0,3,8,19,79,0,0,3,0,0,0,1,0,0,0,7,0,4,7,0,6,0,8,0,0,0,0,0,0,0,0,3,0,0,0,138,0,0,0,0,0,433,81,0,0,0,0,0,0,4,1,0,0,0,0,0,0,0,0,0,0,0,0,0,0,0,0,0,0,0,0,0,0
4,1376051001,PADANG KARAMBIA,148,124,0,354,212,203,17,10,12,19,4,1,10,1,37,5,106,2,6,0,1,0,1,0,2,0,3,0,62,19,2,2,0,0,17,18,60,0,2,0,0,0,0,0,0,0,1,0,1,0,8,0,8,0,0,0,2,0,2,3,0,0,0,1,0,0,0,1,11,0,0,0,0,0,0,0,0,1,0,0,0,0,0,0,0,0,0,0,1,0,0,0,0,0,0,0,0,0,0,0,0,0,0,0,0,0,0,0,0,0,0,0,0,0,0,0,0,0,0,0,0,0,0,0,0,0,0,1,2,8,0,0,0,0,0,0,0,0,0,0,2,0,1,1,0,2,0,2,0,0,0,0,0,0,0,0,0,0,0,0,19,0,0,0,0,0,41,12,0,0,0,0,0,0,0,0,0,0,0,0,0,0,0,0,0,0,0,0,0,0,0,0,0,0,0,0,0,0
4,1376051002,KOTOTUO LIMOKAMPUANG,123,102,0,273,180,169,10,5,16,24,4,0,4,0,27,0,89,11,4,0,0,0,0,0,1,0,0,0,41,16,0,1,1,0,6,15,40,0,1,0,0,0,0,0,0,0,0,0,0,0,13,0,4,0,0,0,1,0,3,0,0,0,0,0,0,0,4,0,9,0,1,0,0,0,0,0,0,0,0,0,0,0,0,0,0,0,0,0,1,0,0,0,0,0,0,0,0,0,0,0,0,0,0,0,0,0,0,0,0,0,0,0,0,0,0,0,0,0,0,0,0,0,0,0,0,0,0,1,0,6,0,0,0,0,0,0,0,0,0,0,1,0,0,0,0,0,0,0,0,0,0,0,0,0,0,0,0,0,0,0,13,0,0,0,0,0,46,6,0,0,0,0,0,0,0,0,0,0,0,0,0,0,0,0,0,0,0,0,0,0,0,0,0,0,0,0,0,0
4,1376051003,LIMBUKAN,254,237,0,595,457,412,34,28,52,79,4,0,22,2,47,8,137,8,1,0,0,0,0,1,4,0,2,0,151,57,8,4,3,0,21,26,82,1,2,1,0,0,0,0,0,1,1,0,2,0,22,0,7,0,0,0,1,0,4,2,3,0,0,0,1,0,0,1,19,0,1,0,1,0,0,0,0,0,0,0,1,0,0,0,0,0,0,0,0,0,0,0,0,0,0,0,0,0,0,0,0,0,0,0,0,0,0,0,0,0,0,0,0,0,0,0,0,0,0,0,0,0,0,0,0,0,1,3,5,22,0,0,2,0,0,0,0,0,0,0,2,0,0,1,0,1,0,2,0,0,0,0,0,0,0,0,1,0,0,0,41,0,0,0,0,0,149,29,0,0,0,0,0,0,1,1,0,0,0,0,0,0,0,0,0,0,0,0,0,0,0,0,0,0,0,0,0,0
4,1376051005,BALAI PANJANG,186,164,0,428,264,287,11,9,35,33,4,0,3,0,58,14,101,3,2,0,1,0,1,0,2,1,1,0,86,31,1,2,1,1,24,19,83,2,2,0,0,0,0,0,0,0,0,0,0,0,19,0,4,0,0,0,3,0,2,2,1,0,0,0,0,0,0,0,20,0,0,0,0,0,0,0,0,0,0,0,0,0,0,0,0,0,0,0,0,0,0,0,0,0,0,0,0,0,0,0,0,0,0,0,0,0,0,0,0,0,0,0,0,0,0,0,0,0,0,0,0,0,0,0,0,0,0,1,5,15,0,0,1,0,0,0,1,0,0,0,0,0,2,0,0,1,0,1,0,0,0,0,0,0,0,0,1,0,0,0,33,0,0,0,0,0,54,6,0,0,0,0,0,0,1,0,0,0,0,0,0,0,0,0,0,0,0,0,0,0,0,0,0,0,0,0,0,0
4,1376051006,KAPALO KOTO AMPANGAN,148,120,0,433,282,218,11,4,7,8,1,0,2,0,25,2,166,8,1,0,0,0,0,0,0,0,0,0,58,16,2,0,2,0,16,10,88,2,1,0,0,0,0,0,0,0,1,0,0,0,20,0,8,0,0,0,0,0,3,1,0,0,0,0,0,0,0,0,5,0,0,0,0,0,0,0,0,0,0,0,0,0,0,0,0,0,1,0,0,0,0,0,0,0,0,0,0,0,0,0,0,0,0,0,0,0,0,0,0,0,0,0,0,0,0,0,0,0,0,0,0,0,0,0,1,0,0,0,2,2,0,0,0,0,0,0,0,0,0,0,0,0,0,2,0,1,0,1,0,0,0,0,0,0,0,0,0,0,0,0,12,0,0,0,0,0,52,7,0,0,0,0,0,0,2,0,0,0,0,0,0,0,0,0,0,0,0,0,0,0,0,0,0,0,0,0,0,0
4,1376051010,SAWAHPADANG AUA KUNIANG,275,262,0,590,387,396,31,15,52,82,3,0,8,0,73,7,118,11,14,3,3,0,1,0,2,0,3,0,132,45,5,3,3,2,32,24,116,1,2,0,0,0,0,0,0,0,4,0,2,0,41,0,9,0,0,0,4,0,3,3,1,0,0,0,0,0,1,0,16,0,1,0,0,0,0,0,0,0,0,0,0,0,0,0,0,0,0,0,0,0,0,0,0,0,0,0,0,0,0,0,0,0,0,0,0,0,0,0,0,0,0,0,0,0,0,0,0,0,0,0,0,0,0,0,0,0,2,2,5,26,0,0,0,0,0,0,0,0,0,0,2,0,1,3,0,1,0,2,0,0,0,0,0,0,0,0,1,0,0,0,20,0,0,0,0,0,91,21,0,0,0,0,0,0,0,0,0,0,0,0,0,0,0,0,0,0,0,0,0,0,0,0,0,0,0,0,0,0
